{"stats":{"minecraft:used":{"minecraft:wooden_axe":16,"regions_unexplored:larch_planks":3,"minecraft:crafting_table":1},"minecraft:picked_up":{"minecraft:stick":1,"regions_unexplored:larch_planks":3,"minecraft:rotten_flesh":2,"regions_unexplored:larch_log":18},"minecraft:custom":{"minecraft:time_since_rest":23519,"minecraft:crouch_one_cm":8032,"minecraft:play_time":24638,"minecraft:sprint_one_cm":7597,"minecraft:deaths":1,"minecraft:damage_taken":290,"minecraft:walk_one_cm":27392,"minecraft:sneak_time":1944,"minecraft:mob_kills":1,"minecraft:jump":119,"minecraft:damage_dealt":32,"minecraft:time_since_death":22589,"minecraft:total_world_time":24638,"minecraft:fall_one_cm":2186,"minecraft:interact_with_crafting_table":1,"minecraft:fly_one_cm":10462},"minecraft:mined":{"regions_unexplored:medium_grass":1,"regions_unexplored:larch_log":18,"regions_unexplored:larch_leaves":1,"regions_unexplored:larch_planks":3},"minecraft:crafted":{"regions_unexplored:larch_planks":72,"minecraft:crafting_table":1,"minecraft:stick":4,"minecraft:wooden_axe":1},"minecraft:killed":{"minecraft:zombie":1}},"DataVersion":3465}