{"stats":{"minecraft:crafted":{"minecraft:crafting_table":3,"minecraft:stick":8,"minecraft:wooden_pickaxe":1,"minecraft:stone_pickaxe":1,"minecraft:wooden_axe":1,"minecraft:furnace":1,"minecraft:white_bed":1,"regions_unexplored:larch_planks":72},"minecraft:mined":{"immersive_weathering:icicle":1,"minecraft:ice":1,"minecraft:birch_leaves":1,"minecraft:powder_snow":30,"regions_unexplored:larch_leaves":2,"regions_unexplored:larch_planks":3,"minecraft:coal_ore":15,"minecraft:cobblestone":1,"regions_unexplored:medium_grass":1,"regions_unexplored:larch_log":18,"minecraft:stone":15},"minecraft:used":{"minecraft:wooden_axe":16,"minecraft:stone_pickaxe":32,"minecraft:wooden_pickaxe":3,"minecraft:cobblestone":3,"minecraft:golden_carrot":2,"regions_unexplored:larch_planks":12,"minecraft:crafting_table":3,"minecraft:furnace":1,"minecraft:white_bed":1},"minecraft:killed":{"minecraft:sheep":5,"alexsmobs:orca":1,"minecraft:zombie":4,"minecraft:chicken":1,"alexsmobs:fly":1,"mowziesmobs:naga":3},"minecraft:picked_up":{"minecraft:stick":1,"minecraft:chicken":1,"regions_unexplored:larch_planks":3,"minecraft:brown_wool":1,"mowziesmobs:naga_fang":1,"minecraft:rotten_flesh":3,"regions_unexplored:larch_log":18,"minecraft:black_wool":1,"minecraft:mutton":9,"minecraft:coal":15,"minecraft:white_wool":3,"minecraft:cobblestone":16},"minecraft:custom":{"minecraft:time_since_rest":5546,"minecraft:interact_with_furnace":1,"minecraft:sprint_one_cm":34166,"minecraft:damage_taken":510,"minecraft:walk_one_cm":83008,"minecraft:mob_kills":15,"minecraft:damage_dealt":32,"minecraft:interact_with_crafting_table":7,"minecraft:fly_one_cm":47391,"minecraft:open_barrel":1,"minecraft:open_chest":2,"minecraft:crouch_one_cm":26336,"minecraft:play_time":72360,"minecraft:deaths":1,"minecraft:sneak_time":6266,"minecraft:jump":311,"minecraft:walk_on_water_one_cm":53,"minecraft:time_since_death":70311,"minecraft:sleep_in_bed":1,"minecraft:climb_one_cm":1084,"minecraft:total_world_time":72360,"minecraft:fall_one_cm":6824}},"DataVersion":3465}