{"stats":{"minecraft:used":{"minecraft:wooden_axe":16,"minecraft:golden_carrot":2,"regions_unexplored:larch_planks":7,"minecraft:crafting_table":1},"minecraft:picked_up":{"minecraft:chicken":1,"minecraft:stick":1,"regions_unexplored:larch_planks":3,"minecraft:rotten_flesh":3,"regions_unexplored:larch_log":18},"minecraft:custom":{"minecraft:open_barrel":1,"minecraft:open_chest":1,"minecraft:time_since_rest":35519,"minecraft:crouch_one_cm":20724,"minecraft:play_time":36638,"minecraft:sprint_one_cm":9893,"minecraft:deaths":1,"minecraft:damage_taken":480,"minecraft:walk_one_cm":38683,"minecraft:sneak_time":5421,"minecraft:mob_kills":6,"minecraft:jump":155,"minecraft:damage_dealt":32,"minecraft:time_since_death":34589,"minecraft:climb_one_cm":549,"minecraft:total_world_time":36638,"minecraft:fall_one_cm":3422,"minecraft:interact_with_crafting_table":1,"minecraft:fly_one_cm":16754},"minecraft:mined":{"immersive_weathering:icicle":1,"regions_unexplored:medium_grass":1,"regions_unexplored:larch_log":18,"minecraft:birch_leaves":1,"minecraft:powder_snow":25,"regions_unexplored:larch_leaves":2,"regions_unexplored:larch_planks":3},"minecraft:crafted":{"regions_unexplored:larch_planks":72,"minecraft:crafting_table":1,"minecraft:stick":4,"minecraft:wooden_axe":1},"minecraft:killed":{"alexsmobs:fly":1,"minecraft:zombie":4,"minecraft:chicken":1}},"DataVersion":3465}