{"stats":{"minecraft:picked_up":{"minecraft:rotten_flesh":2},"minecraft:custom":{"minecraft:jump":37,"minecraft:time_since_rest":11519,"minecraft:damage_dealt":32,"minecraft:crouch_one_cm":2069,"minecraft:sprint_one_cm":4329,"minecraft:walk_one_cm":10711,"minecraft:play_time":12638,"minecraft:damage_taken":250,"minecraft:time_since_death":10589,"minecraft:deaths":1,"minecraft:sneak_time":271,"minecraft:total_world_time":12638,"minecraft:mob_kills":1,"minecraft:fly_one_cm":5477},"minecraft:killed":{"minecraft:zombie":1}},"DataVersion":3465}